contrast,metric,mean,family_positive,family_negative,bootstrap_95pct,leave_one_family_out_range,positive_cells,negative_cells,ecological_flips,human_flips
msm_minus_baseline,complete_option_text,0.04933772481328258,7,1,"[np.float64(0.013448236253280716), np.float64(0.09574630602653603)]","[np.float64(0.029069832357293195), np.float64(0.05968657453865408)]",47.0,9.0,11.0,0.0
msm_minus_baseline,counterbalanced_ab,0.390625,8,0,"[np.float64(0.20424107142857145), np.float64(0.5747767857142857)]","[np.float64(0.3405612244897959), np.float64(0.43112244897959184)]",53.0,0.0,0.0,0.0
msm_minus_baseline,probability_threshold_0,-0.04148679413729989,0,8,"[np.float64(-0.051428909592199895), np.float64(-0.031709083647511266)]","[np.float64(-0.04475284812287302), np.float64(-0.03844571299638704)]",,,,
msm_minus_baseline,probability_threshold_1,0.009736427989516204,8,0,"[np.float64(0.006717898873859693), np.float64(0.012819393690959316)]","[np.float64(0.00865455532071919), np.float64(0.010640190665545723)]",,,,
msm_minus_baseline,probability_threshold_10,0.023431124136349554,8,0,"[np.float64(0.018565774673351344), np.float64(0.028299019974437362)]","[np.float64(0.021779426779314298), np.float64(0.025129186565994326)]",,,,
msm_minus_baseline,probability_threshold_100,0.00831924201143415,8,0,"[np.float64(0.005336311255035836), np.float64(0.01146775473368905)]","[np.float64(0.007319916670146385), np.float64(0.00907036862980636)]",,,,
msm_minus_baseline,expected_threshold,1.075971870496427,8,0,"[np.float64(0.7387619401434211), np.float64(1.4334669034169727)]","[np.float64(0.9688537011490966), np.float64(1.1688820215676519)]",,,,
msm_minus_baseline,expected_log1p_threshold,0.10132846390410002,8,0,"[np.float64(0.07591057817279187), np.float64(0.12753377144551642)]","[np.float64(0.09324519201232954), np.float64(0.10943298727262223)]",,,,
msm_minus_baseline,entropy_nats,0.0024216927197144023,8,0,"[np.float64(0.0014537945725000279), np.float64(0.0035706001715845315)]","[np.float64(0.0020091627428093467), np.float64(0.0026478270955133504)]",,,,
aft_minus_baseline,complete_option_text,0.13413979465311224,7,1,"[np.float64(0.08003336807823114), np.float64(0.1757870345631965)]","[np.float64(0.12391983648841588), np.float64(0.15781740286670629)]",49.0,7.0,11.0,3.0
aft_minus_baseline,counterbalanced_ab,0.5948660714285714,8,0,"[np.float64(0.38616071428571425), np.float64(0.8203124999999999)]","[np.float64(0.5127551020408162), np.float64(0.6581632653061223)]",56.0,0.0,0.0,0.0
aft_minus_baseline,probability_threshold_0,0.024219195741053037,8,0,"[np.float64(0.018759605188863007), np.float64(0.030195393874027025)]","[np.float64(0.02186811009252771), np.float64(0.025995930252287098)]",,,,
aft_minus_baseline,probability_threshold_1,-0.006660602517328178,0,8,"[np.float64(-0.008239744409049777), np.float64(-0.005162313572658509)]","[np.float64(-0.0072281621972839615), np.float64(-0.0060201615503994955)]",,,,
aft_minus_baseline,probability_threshold_10,-0.00854181109774433,0,8,"[np.float64(-0.01136186883910624), np.float64(-0.005635422645519493)]","[np.float64(-0.009568970549346748), np.float64(-0.007613127109463051)]",,,,
aft_minus_baseline,probability_threshold_100,-0.009016782125980533,0,8,"[np.float64(-0.012805509608603518), np.float64(-0.005670845515156722)]","[np.float64(-0.009916948996435335), np.float64(-0.007474379476809163)]",,,,
aft_minus_baseline,expected_threshold,-0.9937569260928241,0,8,"[np.float64(-1.3921008233649101), np.float64(-0.6426321947419016)]","[np.float64(-1.093894615843505), np.float64(-0.8303498222818015)]",,,,
aft_minus_baseline,expected_log1p_threshold,-0.06671268249363457,0,8,"[np.float64(-0.08935691107192847), np.float64(-0.046650564437031056)]","[np.float64(-0.07322569959037144), np.float64(-0.057450599783929635)]",,,,
aft_minus_baseline,entropy_nats,-0.005844608557526443,0,8,"[np.float64(-0.007773781224799131), np.float64(-0.004129884785563309)]","[np.float64(-0.006314161902677798), np.float64(-0.005067563293401982)]",,,,
msm_aft_minus_baseline,complete_option_text,0.13645109111096437,7,1,"[np.float64(0.07472289385709092), np.float64(0.19080360049293155)]","[np.float64(0.12298143781824934), np.float64(0.16131969377002234)]",49.0,7.0,11.0,2.0
msm_aft_minus_baseline,counterbalanced_ab,0.9140625,8,0,"[np.float64(0.6953125), np.float64(1.1116071428571428)]","[np.float64(0.8584183673469389), np.float64(1.0012755102040818)]",56.0,0.0,0.0,0.0
msm_aft_minus_baseline,probability_threshold_0,0.011104725118181329,6,2,"[np.float64(0.002577449073323847), np.float64(0.020796342121313593)]","[np.float64(0.007235485938775702), np.float64(0.013465444154214)]",,,,
msm_aft_minus_baseline,probability_threshold_1,-0.0033110580504977886,3,5,"[np.float64(-0.0065867792757640445), np.float64(-2.743990281845951e-05)]","[np.float64(-0.004089900238533803), np.float64(-0.002443047224605366)]",,,,
msm_aft_minus_baseline,probability_threshold_10,-0.002082276386935162,4,4,"[np.float64(-0.006184589687275588), np.float64(0.001917101707735673)]","[np.float64(-0.0033057277117423283), np.float64(-0.0006832809166866317)]",,,,
msm_aft_minus_baseline,probability_threshold_100,-0.005711390680748385,1,7,"[np.float64(-0.009598595888530948), np.float64(-0.002474064019377855)]","[np.float64(-0.006601298493762976), np.float64(-0.004109157797483708)]",,,,
msm_aft_minus_baseline,expected_threshold,-0.5952728899946877,1,7,"[np.float64(-1.0110211068610284), np.float64(-0.2549875811034932)]","[np.float64(-0.6881743632146383), np.float64(-0.4201916361398429)]",,,,
msm_aft_minus_baseline,expected_log1p_threshold,-0.03364688756768222,2,6,"[np.float64(-0.06041095316207285), np.float64(-0.011434062412864793)]","[np.float64(-0.03877462496850596), np.float64(-0.02229608583393155)]",,,,
msm_aft_minus_baseline,entropy_nats,-0.0022820136313889128,2,6,"[np.float64(-0.004139581594782227), np.float64(-0.000678863888943726)]","[np.float64(-0.0027077366401346836), np.float64(-0.0015232241414282477)]",,,,
msm_aft_minus_aft,complete_option_text,0.002311296457852125,3,5,"[np.float64(-0.033554211885529525), np.float64(0.03853861760525477)]","[np.float64(-0.009783110592051203), np.float64(0.015424305727692695)]",23.0,33.0,1.0,0.0
msm_aft_minus_aft,counterbalanced_ab,0.31919642857142866,8,0,"[np.float64(0.16852678571428578), np.float64(0.5000000000000001)]","[np.float64(0.2474489795918368), np.float64(0.3482142857142857)]",55.0,0.0,0.0,0.0
msm_aft_minus_aft,probability_threshold_0,-0.013114470622871709,2,6,"[np.float64(-0.024408159585150087), np.float64(-0.0006813113513824302)]","[np.float64(-0.01770533144476834), np.float64(-0.009978224126455715)]",,,,
msm_aft_minus_aft,probability_threshold_1,0.0033495444668303898,5,3,"[np.float64(4.158846587943438e-05), np.float64(0.006254483099719974)]","[np.float64(0.002719580551437387), np.float64(0.004265495485312326)]",,,,
msm_aft_minus_aft,probability_threshold_10,0.006459534710809168,6,2,"[np.float64(0.0015613036497260611), np.float64(0.011261794720162737)]","[np.float64(0.005094258224356234), np.float64(0.007892101780754458)]",,,,
msm_aft_minus_aft,probability_threshold_100,0.0033053914452321476,6,2,"[np.float64(-0.002491108007809644), np.float64(0.007918725842722605)]","[np.float64(0.0020854857789648707), np.float64(0.005734851019052007)]",,,,
msm_aft_minus_aft,expected_threshold,0.3984840360981363,6,2,"[np.float64(-0.2227140834719239), np.float64(0.9048223273598706)]","[np.float64(0.2622896402631838), np.float64(0.6548084678883183)]",,,,
msm_aft_minus_aft,expected_log1p_threshold,0.03306579492595235,5,3,"[np.float64(-0.005130224864405258), np.float64(0.06646579797560648)]","[np.float64(0.023780024527883224), np.float64(0.04790091106111162)]",,,,
msm_aft_minus_aft,entropy_nats,0.00356259492613753,6,2,"[np.float64(0.000263448561775072), np.float64(0.006625115248549586)]","[np.float64(0.002647106138607588), np.float64(0.0047675092254566565)]",,,,
