level,model,suite,template_family,permutation_index,adjacent_steps,increases_above_1e_minus_6,increases_above_one_pp,largest_increase
mean,base,ab,oil_extraction_ban,,11,2,2,0.03159983338465971
mean,base,ab,pesticide_ban,,11,8,7,0.0888494809335384
mean,base,ab,river_water_allocation,,10,2,2,0.11553290315450027
mean,base,ab,wildfire_restoration,,11,2,0,5.339946837743097e-05
mean,base,abc,oil_extraction_ban,,11,2,1,0.037347125355300714
mean,base,abc,pesticide_ban,,11,3,1,0.01646045769672355
mean,base,abc,river_water_allocation,,10,3,2,0.0446149822539299
mean,base,abc,wildfire_restoration,,11,2,2,0.03300688482846614
mean,dpo,ab,oil_extraction_ban,,11,4,4,0.059549431942529624
mean,dpo,ab,pesticide_ban,,11,6,6,0.11479246603219118
mean,dpo,ab,river_water_allocation,,10,2,2,0.07486924967393882
mean,dpo,ab,wildfire_restoration,,11,2,0,7.228617846610861e-05
mean,dpo,abc,oil_extraction_ban,,11,1,1,0.03241651356842845
mean,dpo,abc,pesticide_ban,,11,2,1,0.050765832620064066
mean,dpo,abc,river_water_allocation,,10,2,2,0.03245637949148583
mean,dpo,abc,wildfire_restoration,,11,3,2,0.022762024984419038
mean,sft,ab,oil_extraction_ban,,11,3,3,0.03279384957421161
mean,sft,ab,pesticide_ban,,11,2,2,0.04325604961066154
mean,sft,ab,river_water_allocation,,10,2,0,0.004957386799772756
mean,sft,ab,wildfire_restoration,,11,2,2,0.058739613366682486
mean,sft,abc,oil_extraction_ban,,11,2,1,0.015739546129283633
mean,sft,abc,pesticide_ban,,11,4,2,0.02976581794095945
mean,sft,abc,river_water_allocation,,10,1,1,0.015232731737486072
mean,sft,abc,wildfire_restoration,,11,2,1,0.015667989962757534
arrangement,base,ab,oil_extraction_ban,0.0,11,2,2,0.023853457123008
arrangement,base,ab,oil_extraction_ban,1.0,11,2,2,0.06322260178423879
arrangement,base,ab,pesticide_ban,0.0,11,1,0,0.0005458884933073002
arrangement,base,ab,pesticide_ban,1.0,11,7,7,0.17917869917539297
arrangement,base,ab,river_water_allocation,0.0,10,2,0,7.227678995636033e-06
arrangement,base,ab,river_water_allocation,1.0,10,3,3,0.2310585786300049
arrangement,base,ab,wildfire_restoration,0.0,11,2,0,0.0003582725574770018
arrangement,base,ab,wildfire_restoration,1.0,11,2,0,0.00010732456255572607
arrangement,base,abc,oil_extraction_ban,0.0,11,1,0,0.0016715063766031824
arrangement,base,abc,oil_extraction_ban,1.0,11,2,1,0.018907232122908
arrangement,base,abc,oil_extraction_ban,2.0,11,2,0,0.008014655652590501
arrangement,base,abc,oil_extraction_ban,3.0,11,3,2,0.2016183565189941
arrangement,base,abc,oil_extraction_ban,4.0,11,0,0,3.2718061916742677e-07
arrangement,base,abc,oil_extraction_ban,5.0,11,2,0,3.986060406080405e-06
arrangement,base,abc,pesticide_ban,0.0,11,2,0,2.9448428317646602e-05
arrangement,base,abc,pesticide_ban,1.0,11,3,1,0.010098985497244799
arrangement,base,abc,pesticide_ban,2.0,11,3,0,9.585888486839895e-05
arrangement,base,abc,pesticide_ban,3.0,11,4,2,0.0898906910820558
arrangement,base,abc,pesticide_ban,4.0,11,4,0,3.0755573856922145e-05
arrangement,base,abc,pesticide_ban,5.0,11,4,1,0.01089094538213009
arrangement,base,abc,river_water_allocation,0.0,10,0,0,1.5454946344917175e-07
arrangement,base,abc,river_water_allocation,1.0,10,1,0,0.003357359718045738
arrangement,base,abc,river_water_allocation,2.0,10,2,1,0.0227597628204304
arrangement,base,abc,river_water_allocation,3.0,10,3,3,0.24135518751010665
arrangement,base,abc,river_water_allocation,4.0,10,1,0,0.00021742850620679998
arrangement,base,abc,river_water_allocation,5.0,10,3,2,0.04624128256619575
arrangement,base,abc,wildfire_restoration,0.0,11,0,0,3.5507363715936435e-10
arrangement,base,abc,wildfire_restoration,1.0,11,2,0,0.0007572244153252194
arrangement,base,abc,wildfire_restoration,2.0,11,0,0,0.0
arrangement,base,abc,wildfire_restoration,3.0,11,0,0,0.0
arrangement,base,abc,wildfire_restoration,4.0,11,2,2,0.2151233566707365
arrangement,base,abc,wildfire_restoration,5.0,11,2,1,0.05671936476005135
arrangement,dpo,ab,oil_extraction_ban,0.0,11,2,2,0.043344742000874
arrangement,dpo,ab,oil_extraction_ban,1.0,11,4,4,0.1224593312018546
arrangement,dpo,ab,pesticide_ban,0.0,11,0,0,4.999810845610893e-07
arrangement,dpo,ab,pesticide_ban,1.0,11,6,6,0.2310585786300049
arrangement,dpo,ab,river_water_allocation,0.0,10,1,0,2.4175353180444503e-06
arrangement,dpo,ab,river_water_allocation,1.0,10,4,3,0.14973849934787742
arrangement,dpo,ab,wildfire_restoration,0.0,11,2,0,0.00044848008000486494
arrangement,dpo,ab,wildfire_restoration,1.0,11,2,0,0.00014513571239406137
arrangement,dpo,abc,oil_extraction_ban,0.0,11,1,0,0.0025689554222991795
arrangement,dpo,abc,oil_extraction_ban,1.0,11,3,0,0.0088435013154602
arrangement,dpo,abc,oil_extraction_ban,2.0,11,1,0,0.0078142594176661
arrangement,dpo,abc,oil_extraction_ban,3.0,11,1,1,0.1752742480376519
arrangement,dpo,abc,oil_extraction_ban,4.0,11,0,0,3.271806183301631e-07
arrangement,dpo,abc,oil_extraction_ban,5.0,11,1,0,5.118102547996273e-06
arrangement,dpo,abc,pesticide_ban,0.0,11,2,0,5.0704636041953854e-05
arrangement,dpo,abc,pesticide_ban,1.0,11,4,0,0.006334860711221201
arrangement,dpo,abc,pesticide_ban,2.0,11,4,0,3.2453938755735225e-05
arrangement,dpo,abc,pesticide_ban,3.0,11,4,2,0.2915090693604877
arrangement,dpo,abc,pesticide_ban,4.0,11,3,0,1.3911302216315696e-05
arrangement,dpo,abc,pesticide_ban,5.0,11,5,1,0.018325289633321806
arrangement,dpo,abc,river_water_allocation,0.0,10,0,0,5.269780811723024e-08
arrangement,dpo,abc,river_water_allocation,1.0,10,0,0,1.0906153757872517e-10
arrangement,dpo,abc,river_water_allocation,2.0,10,1,1,0.0181136424185191
arrangement,dpo,abc,river_water_allocation,3.0,10,2,2,0.24135517607813423
arrangement,dpo,abc,river_water_allocation,4.0,10,0,0,0.0
arrangement,dpo,abc,river_water_allocation,5.0,10,2,2,0.02385346709856262
arrangement,dpo,abc,wildfire_restoration,0.0,11,0,0,8.110023763663321e-10
arrangement,dpo,abc,wildfire_restoration,1.0,11,2,0,0.0005458884738721581
arrangement,dpo,abc,wildfire_restoration,2.0,11,2,2,0.019491284948354393
arrangement,dpo,abc,wildfire_restoration,3.0,11,2,0,7.820576457429063e-06
arrangement,dpo,abc,wildfire_restoration,4.0,11,3,3,0.11700220084151042
arrangement,dpo,abc,wildfire_restoration,5.0,11,2,0,0.0006167326650647897
arrangement,sft,ab,oil_extraction_ban,0.0,11,2,2,0.062176500885798125
arrangement,sft,ab,oil_extraction_ban,1.0,11,3,3,0.043271790871992954
arrangement,sft,ab,pesticide_ban,0.0,11,2,2,0.02979273124778481
arrangement,sft,ab,pesticide_ban,1.0,11,6,6,0.09240174990261008
arrangement,sft,ab,river_water_allocation,0.0,10,1,1,0.03729675936381571
arrangement,sft,ab,river_water_allocation,1.0,10,2,2,0.027823834509338785
arrangement,sft,ab,wildfire_restoration,0.0,11,3,3,0.08651209922132319
arrangement,sft,ab,wildfire_restoration,1.0,11,2,2,0.03120937337375629
arrangement,sft,abc,oil_extraction_ban,0.0,11,1,1,0.02829936347544748
arrangement,sft,abc,oil_extraction_ban,1.0,11,2,2,0.07108400555321132
arrangement,sft,abc,oil_extraction_ban,2.0,11,1,1,0.023493657917079414
arrangement,sft,abc,oil_extraction_ban,3.0,11,4,1,0.012381369796853448
arrangement,sft,abc,oil_extraction_ban,4.0,11,3,0,0.003717409658969599
arrangement,sft,abc,oil_extraction_ban,5.0,11,3,0,0.006549693196509998
arrangement,sft,abc,pesticide_ban,0.0,11,4,4,0.037844239257058265
arrangement,sft,abc,pesticide_ban,1.0,11,4,3,0.0927405330743602
arrangement,sft,abc,pesticide_ban,2.0,11,3,1,0.049139574965276586
arrangement,sft,abc,pesticide_ban,3.0,11,3,3,0.05859374401457651
arrangement,sft,abc,pesticide_ban,4.0,11,4,1,0.013668553650601399
arrangement,sft,abc,pesticide_ban,5.0,11,4,3,0.02300038783304803
arrangement,sft,abc,river_water_allocation,0.0,10,1,0,0.004004192005626739
arrangement,sft,abc,river_water_allocation,1.0,10,1,1,0.029127415184150407
arrangement,sft,abc,river_water_allocation,2.0,10,1,1,0.02673050667447302
arrangement,sft,abc,river_water_allocation,3.0,10,2,1,0.0245407231156618
arrangement,sft,abc,river_water_allocation,4.0,10,2,2,0.012089895201080503
arrangement,sft,abc,river_water_allocation,5.0,10,4,0,0.009917164498681297
arrangement,sft,abc,wildfire_restoration,0.0,11,2,0,0.009535374936477603
arrangement,sft,abc,wildfire_restoration,1.0,11,2,2,0.030413075292886782
arrangement,sft,abc,wildfire_restoration,2.0,11,2,1,0.026863584464931867
arrangement,sft,abc,wildfire_restoration,3.0,11,3,1,0.027720142187062202
arrangement,sft,abc,wildfire_restoration,4.0,11,2,1,0.0312459957953935
arrangement,sft,abc,wildfire_restoration,5.0,11,4,3,0.021347176360952957
