level,model,suite,template_family,permutation_index,from_human_cost,from_environment_cost,to_human_cost,to_environment_cost,probability_increase
mean,base,ab,oil_extraction_ban,,1,1000,1,100,0.02167237100043712
mean,base,ab,oil_extraction_ban,,100000,10,1000000,10,0.03159983338465971
mean,base,ab,pesticide_ban,,1,1000000,1,100000,0.012484800613143596
mean,base,ab,pesticide_ban,,1,100000,1,10000,0.0423156315371058
mean,base,ab,pesticide_ban,,1,10000,1,1000,0.08205798074162471
mean,base,ab,pesticide_ban,,1,1000,1,100,0.00027294424665369466
mean,base,ab,pesticide_ban,,1,100,1,10,0.03060252999295021
mean,base,ab,pesticide_ban,,1,10,10,10,0.0888494809335384
mean,base,ab,pesticide_ban,,10,10,100,10,0.06919366959914819
mean,base,ab,pesticide_ban,,100,10,1000,10,0.04353391843663762
mean,base,ab,river_water_allocation,,10,10000,10,1000,0.11553290315450027
mean,base,ab,river_water_allocation,,10,1000,10,100,0.04325886608637686
mean,base,ab,wildfire_restoration,,10000,10,100000,10,3.661433540416027e-05
mean,base,ab,wildfire_restoration,,100000,10,1000000,10,5.339946837743097e-05
mean,base,abc,oil_extraction_ban,,1,100000,1,10000,0.007446441042150587
mean,base,abc,oil_extraction_ban,,1,1000,1,100,0.037347125355300714
mean,base,abc,pesticide_ban,,1,100000,1,10000,0.01646045769672355
mean,base,abc,pesticide_ban,,1,10000,1,1000,0.0009602851769695553
mean,base,abc,pesticide_ban,,1,100,1,10,0.0063411547611264
mean,base,abc,river_water_allocation,,10,10000,10,1000,0.0446149822539299
mean,base,abc,river_water_allocation,,10,1000,10,100,0.015464643586460047
mean,base,abc,river_water_allocation,,100000,10,1000000,10,0.007306441902944216
mean,base,abc,wildfire_restoration,,1,1000000,1,100000,0.03300688482846614
mean,base,abc,wildfire_restoration,,1,100000,1,10000,0.01864549152048467
mean,dpo,ab,oil_extraction_ban,,1,1000,1,100,0.04582745431395768
mean,dpo,ab,oil_extraction_ban,,1,100,1,10,0.0512305069244921
mean,dpo,ab,oil_extraction_ban,,100,10,1000,10,0.059549431942529624
mean,dpo,ab,oil_extraction_ban,,100000,10,1000000,10,0.020117562521091897
mean,dpo,ab,pesticide_ban,,1,100000,1,10000,0.08288884834138882
mean,dpo,ab,pesticide_ban,,1,10000,1,1000,0.08409100902917818
mean,dpo,ab,pesticide_ban,,1,100,1,10,0.0893765733844013
mean,dpo,ab,pesticide_ban,,1,10,10,10,0.11479246603219118
mean,dpo,ab,pesticide_ban,,10,10,100,10,0.0432492459317525
mean,dpo,ab,pesticide_ban,,100,10,1000,10,0.06116676436793139
mean,dpo,ab,river_water_allocation,,10,100000,10,10000,0.031610621352065604
mean,dpo,ab,river_water_allocation,,10,1000,10,100,0.07486924967393882
mean,dpo,ab,wildfire_restoration,,10000,10,100000,10,1.0138039252625937e-05
mean,dpo,ab,wildfire_restoration,,100000,10,1000000,10,7.228617846610861e-05
mean,dpo,abc,oil_extraction_ban,,1,1000,1,100,0.03241651356842845
mean,dpo,abc,pesticide_ban,,1,100000,1,10000,0.050765832620064066
mean,dpo,abc,pesticide_ban,,1,1000,1,100,0.0046877256378503596
mean,dpo,abc,river_water_allocation,,10,100000,10,10000,0.024641930308180626
mean,dpo,abc,river_water_allocation,,10,1000,10,100,0.03245637949148583
mean,dpo,abc,wildfire_restoration,,1,1000000,1,100000,0.022762024984419038
mean,dpo,abc,wildfire_restoration,,1,100000,1,10000,0.013023622293566461
mean,dpo,abc,wildfire_restoration,,1,10000,1,1000,0.0006396602047544775
mean,sft,ab,oil_extraction_ban,,1,10000,1,1000,0.01389908755556557
mean,sft,ab,oil_extraction_ban,,1,1000,1,100,0.03279384957421161
mean,sft,ab,oil_extraction_ban,,10000,10,100000,10,0.02163589543599642
mean,sft,ab,pesticide_ban,,1,100000,1,10000,0.04325604961066154
mean,sft,ab,pesticide_ban,,1,1000,1,100,0.03901274624740836
mean,sft,ab,river_water_allocation,,10,10000,10,1000,0.004736462427238464
mean,sft,ab,river_water_allocation,,10,1000,10,100,0.004957386799772756
mean,sft,ab,wildfire_restoration,,1,1000000,1,100000,0.058739613366682486
mean,sft,ab,wildfire_restoration,,1,10000,1,1000,0.0156046866868782
mean,sft,abc,oil_extraction_ban,,1,10000,1,1000,0.004924077839566499
mean,sft,abc,oil_extraction_ban,,1,1000,1,100,0.015739546129283633
mean,sft,abc,pesticide_ban,,1,1000000,1,100000,0.00434744267467202
mean,sft,abc,pesticide_ban,,1,100000,1,10000,0.02976581794095945
mean,sft,abc,pesticide_ban,,1,1000,1,100,0.005907874547049774
mean,sft,abc,pesticide_ban,,100000,10,1000000,10,0.013790782231657917
mean,sft,abc,river_water_allocation,,10,10000,10,1000,0.015232731737486072
mean,sft,abc,wildfire_restoration,,1,1000000,1,100000,0.0027892725522091766
mean,sft,abc,wildfire_restoration,,1,100000,1,10000,0.015667989962757534
arrangement,base,ab,oil_extraction_ban,0.0,1,1000,1,100,0.019491284877866
arrangement,base,ab,oil_extraction_ban,0.0,1,100,1,10,0.023853457123008
arrangement,base,ab,oil_extraction_ban,1.0,1,1000,1,100,0.023853457123008237
arrangement,base,ab,oil_extraction_ban,1.0,100000,10,1000000,10,0.06322260178423879
arrangement,base,ab,pesticide_ban,0.0,1,1000,1,100,0.0005458884933073002
arrangement,base,ab,pesticide_ban,1.0,1,1000000,1,100000,0.0343783257746669
arrangement,base,ab,pesticide_ban,1.0,1,100000,1,10000,0.08651589756363881
arrangement,base,ab,pesticide_ban,1.0,1,10000,1,1000,0.16888207774420677
arrangement,base,ab,pesticide_ban,1.0,1,100,1,10,0.062176500885798125
arrangement,base,ab,pesticide_ban,1.0,1,10,10,10,0.17917869917539297
arrangement,base,ab,pesticide_ban,1.0,10,10,100,10,0.13839577701825068
arrangement,base,ab,pesticide_ban,1.0,100,10,1000,10,0.0870760589072469
arrangement,base,ab,river_water_allocation,0.0,10,10000,10,1000,7.227678995636033e-06
arrangement,base,ab,river_water_allocation,0.0,10,1000,10,100,1.834609115181074e-06
arrangement,base,ab,river_water_allocation,1.0,10,10000,10,1000,0.2310585786300049
arrangement,base,ab,river_water_allocation,1.0,10,1000,10,100,0.08651589756363876
arrangement,base,ab,river_water_allocation,1.0,1000,10,10000,10,0.029439663215475198
arrangement,base,ab,wildfire_restoration,0.0,1,10000,1,1000,0.0003582725574770018
arrangement,base,ab,wildfire_restoration,0.0,1,1000,1,100,0.00012222155559904468
arrangement,base,ab,wildfire_restoration,1.0,10000,10,100000,10,7.465746707855998e-05
arrangement,base,ab,wildfire_restoration,1.0,100000,10,1000000,10,0.00010732456255572607
arrangement,base,abc,oil_extraction_ban,0.0,1,1000,1,100,0.0016715063766031824
arrangement,base,abc,oil_extraction_ban,1.0,1,100000,1,10000,0.005766816922359
arrangement,base,abc,oil_extraction_ban,1.0,1,1000,1,100,0.018907232122908
arrangement,base,abc,oil_extraction_ban,2.0,1,1000000,1,100000,0.008014655652590501
arrangement,base,abc,oil_extraction_ban,2.0,1,1000,1,100,0.0018846342517232998
arrangement,base,abc,oil_extraction_ban,3.0,1,100000,1,10000,0.06217650206838948
arrangement,base,abc,oil_extraction_ban,3.0,1,1000,1,100,0.2016183565189941
arrangement,base,abc,oil_extraction_ban,3.0,100000,10,1000000,10,1.865482884428034e-05
arrangement,base,abc,oil_extraction_ban,5.0,100,10,1000,10,3.986060406080405e-06
arrangement,base,abc,oil_extraction_ban,5.0,100000,10,1000000,10,2.2408948480157065e-06
arrangement,base,abc,pesticide_ban,0.0,1,1000000,1,100000,2.9448428317646602e-05
arrangement,base,abc,pesticide_ban,0.0,1,10000,1,1000,1.7862177584815342e-05
arrangement,base,abc,pesticide_ban,1.0,1,1000000,1,100000,0.0008974548705403818
arrangement,base,abc,pesticide_ban,1.0,1,10000,1,1000,0.004050616260532269
arrangement,base,abc,pesticide_ban,1.0,100000,10,1000000,10,0.010098985497244799
arrangement,base,abc,pesticide_ban,2.0,1,100000,1,10000,1.771830913651988e-05
arrangement,base,abc,pesticide_ban,2.0,1,10000,1,1000,1.3911302320431848e-05
arrangement,base,abc,pesticide_ban,2.0,1,100,1,10,9.585888486839895e-05
arrangement,base,abc,pesticide_ban,3.0,1,100000,1,10000,0.0898906910820558
arrangement,base,abc,pesticide_ban,3.0,1,100,1,10,0.043344741175495596
arrangement,base,abc,pesticide_ban,3.0,100,10,1000,10,0.00018634409150774744
arrangement,base,abc,pesticide_ban,3.0,1000,10,10000,10,0.00029158831772360005
arrangement,base,abc,pesticide_ban,4.0,1,1000000,1,100000,3.6942933002185296e-06
arrangement,base,abc,pesticide_ban,4.0,1,100000,1,10000,1.0834269222674283e-05
arrangement,base,abc,pesticide_ban,4.0,1,10000,1,1000,7.820559498660797e-06
arrangement,base,abc,pesticide_ban,4.0,1,100,1,10,3.0755573856922145e-05
arrangement,base,abc,pesticide_ban,5.0,1,100000,1,10000,0.01089094538213009
arrangement,base,abc,pesticide_ban,5.0,1,10000,1,1000,0.0016715007140115645
arrangement,base,abc,pesticide_ban,5.0,1000,10,10000,10,0.003922585918873178
arrangement,base,abc,pesticide_ban,5.0,10000,10,100000,10,0.0030766852284680457
arrangement,base,abc,river_water_allocation,1.0,10,10000,10,1000,0.003357359718045738
arrangement,base,abc,river_water_allocation,2.0,10,100000,10,10000,0.0080146565864383
arrangement,base,abc,river_water_allocation,2.0,10,10000,10,1000,0.0227597628204304
arrangement,base,abc,river_water_allocation,3.0,10,10000,10,1000,0.24135518751010665
arrangement,base,abc,river_water_allocation,3.0,10,1000,10,100,0.11700218837600129
arrangement,base,abc,river_water_allocation,3.0,10,10,100,10,0.0879605465114777
arrangement,base,abc,river_water_allocation,4.0,10,10000,10,1000,0.00021742850620679998
arrangement,base,abc,river_water_allocation,5.0,10,1000000,10,100000,0.008913742799402491
arrangement,base,abc,river_water_allocation,5.0,10,10,100,10,0.04334474683284051
arrangement,base,abc,river_water_allocation,5.0,100000,10,1000000,10,0.04624128256619575
arrangement,base,abc,wildfire_restoration,1.0,1,1000000,1,100000,0.0007572244153252194
arrangement,base,abc,wildfire_restoration,1.0,1,100000,1,10000,0.00045983987034980967
arrangement,base,abc,wildfire_restoration,4.0,1,1000000,1,100000,0.2151233566707365
arrangement,base,abc,wildfire_restoration,4.0,1,100000,1,10000,0.12435299978247011
arrangement,base,abc,wildfire_restoration,5.0,1,1000000,1,100000,0.00027911371876776503
arrangement,base,abc,wildfire_restoration,5.0,100,10,1000,10,0.05671936476005135
arrangement,dpo,ab,oil_extraction_ban,0.0,1,1000,1,100,0.028432306843676806
arrangement,dpo,ab,oil_extraction_ban,0.0,1,100,1,10,0.043344742000874
arrangement,dpo,ab,oil_extraction_ban,1.0,1,1000,1,100,0.06322260178423866
arrangement,dpo,ab,oil_extraction_ban,1.0,1,100,1,10,0.05911627184811008
arrangement,dpo,ab,oil_extraction_ban,1.0,100,10,1000,10,0.1224593312018546
arrangement,dpo,ab,oil_extraction_ban,1.0,100000,10,1000000,10,0.04027461501895252
arrangement,dpo,ab,pesticide_ban,1.0,1,100000,1,10000,0.1735919564708856
arrangement,dpo,ab,pesticide_ban,1.0,1,10000,1,1000,0.16888207774420677
arrangement,dpo,ab,pesticide_ban,1.0,1,100,1,10,0.17917869917539297
arrangement,dpo,ab,pesticide_ban,1.0,1,10,10,10,0.2310585786300049
arrangement,dpo,ab,pesticide_ban,1.0,10,10,100,10,0.08651589756363876
arrangement,dpo,ab,pesticide_ban,1.0,100,10,1000,10,0.12233887363234874
arrangement,dpo,ab,river_water_allocation,0.0,10,10000,10,1000,2.4175353180444503e-06
arrangement,dpo,ab,river_water_allocation,1.0,10,100000,10,10000,0.06322260178423866
arrangement,dpo,ab,river_water_allocation,1.0,10,1000,10,100,0.14973849934787742
arrangement,dpo,ab,river_water_allocation,1.0,1000,10,10000,10,0.0898906912707612
arrangement,dpo,ab,river_water_allocation,1.0,100000,10,1000000,10,0.006334860841330701
arrangement,dpo,ab,wildfire_restoration,0.0,1,100000,1,10000,0.00016936676222900626
arrangement,dpo,ab,wildfire_restoration,0.0,1,1000,1,100,0.00044848008000486494
arrangement,dpo,ab,wildfire_restoration,1.0,10000,10,100000,10,2.293501491939429e-05
arrangement,dpo,ab,wildfire_restoration,1.0,100000,10,1000000,10,0.00014513571239406137
arrangement,dpo,abc,oil_extraction_ban,0.0,1,1000,1,100,0.0025689554222991795
arrangement,dpo,abc,oil_extraction_ban,1.0,1,100000,1,10000,0.0057668169317204995
arrangement,dpo,abc,oil_extraction_ban,1.0,1,1000,1,100,0.0088435013154602
arrangement,dpo,abc,oil_extraction_ban,1.0,1,100,1,10,0.0039225828924147
arrangement,dpo,abc,oil_extraction_ban,2.0,1,1000,1,100,0.0078142594176661
arrangement,dpo,abc,oil_extraction_ban,3.0,1,1000,1,100,0.1752742480376519
arrangement,dpo,abc,oil_extraction_ban,5.0,100000,10,1000000,10,5.118102547996273e-06
arrangement,dpo,abc,pesticide_ban,0.0,1,1000000,1,100000,5.0704636041953854e-05
arrangement,dpo,abc,pesticide_ban,0.0,1,100000,1,10000,2.3952937955207254e-05
arrangement,dpo,abc,pesticide_ban,1.0,1,1000000,1,100000,0.001472726300900562
arrangement,dpo,abc,pesticide_ban,1.0,1,100000,1,10000,0.004510455500759347
arrangement,dpo,abc,pesticide_ban,1.0,1,1000,1,100,0.0008974548711749852
arrangement,dpo,abc,pesticide_ban,1.0,100000,10,1000000,10,0.006334860711221201
arrangement,dpo,abc,pesticide_ban,2.0,1,100000,1,10000,3.2453938755735225e-05
arrangement,dpo,abc,pesticide_ban,2.0,1,10000,1,1000,1.0041617960460175e-05
arrangement,dpo,abc,pesticide_ban,2.0,1,100,1,10,2.2935014918311103e-05
arrangement,dpo,abc,pesticide_ban,2.0,100,10,1000,10,1.1127484151077302e-06
arrangement,dpo,abc,pesticide_ban,3.0,1,100000,1,10000,0.2915090693604877
arrangement,dpo,abc,pesticide_ban,3.0,1,1000,1,100,0.028844276032557986
arrangement,dpo,abc,pesticide_ban,3.0,100,10,1000,10,0.0006135679831985839
arrangement,dpo,abc,pesticide_ban,3.0,10000,10,100000,10,6.510331031862311e-05
arrangement,dpo,abc,pesticide_ban,4.0,1,100000,1,10000,4.743526677340824e-06
arrangement,dpo,abc,pesticide_ban,4.0,1,10000,1,1000,1.3911302216315696e-05
arrangement,dpo,abc,pesticide_ban,4.0,1,100,1,10,7.820559570902231e-06
arrangement,dpo,abc,pesticide_ban,5.0,1,100000,1,10000,0.00851432045574918
arrangement,dpo,abc,pesticide_ban,5.0,1,100,1,10,0.0015975145557479697
arrangement,dpo,abc,pesticide_ban,5.0,100,10,1000,10,0.018325289633321806
arrangement,dpo,abc,pesticide_ban,5.0,10000,10,100000,10,0.003922583960094483
arrangement,dpo,abc,pesticide_ban,5.0,100000,10,1000000,10,0.005486142063721333
arrangement,dpo,abc,river_water_allocation,2.0,10,10000,10,1000,0.0181136424185191
arrangement,dpo,abc,river_water_allocation,3.0,10,100000,10,10000,0.1548405279770997
arrangement,dpo,abc,river_water_allocation,3.0,10,1000,10,100,0.24135517607813423
arrangement,dpo,abc,river_water_allocation,5.0,10,100000,10,10000,0.011326024314296634
arrangement,dpo,abc,river_water_allocation,5.0,10,10,100,10,0.02385346709856262
arrangement,dpo,abc,wildfire_restoration,1.0,1,100000,1,10000,0.0005458884738721581
arrangement,dpo,abc,wildfire_restoration,1.0,1,10000,1,1000,0.00042555242594277676
arrangement,dpo,abc,wildfire_restoration,2.0,1,1000000,1,100000,0.019491284948354393
arrangement,dpo,abc,wildfire_restoration,2.0,1,100000,1,10000,0.015771529746833268
arrangement,dpo,abc,wildfire_restoration,3.0,1,1000000,1,100000,7.820576457429063e-06
arrangement,dpo,abc,wildfire_restoration,3.0,1,100000,1,10000,6.090742693309892e-06
arrangement,dpo,abc,wildfire_restoration,4.0,1,1000000,1,100000,0.11700220084151042
arrangement,dpo,abc,wildfire_restoration,4.0,1,100000,1,10000,0.0621764982653516
arrangement,dpo,abc,wildfire_restoration,4.0,1,10000,1,1000,0.06217649848984813
arrangement,dpo,abc,wildfire_restoration,5.0,1,1000000,1,100000,0.0006167326650647897
arrangement,dpo,abc,wildfire_restoration,5.0,1,10000,1,1000,0.0003582722818652462
arrangement,sft,ab,oil_extraction_ban,0.0,1,10000,1,1000,0.062176500885798125
arrangement,sft,ab,oil_extraction_ban,0.0,1,1000,1,100,0.03120937337375629
arrangement,sft,ab,oil_extraction_ban,1.0,1,1000,1,100,0.03437832577466693
arrangement,sft,ab,oil_extraction_ban,1.0,10000,10,100000,10,0.043271790871992954
arrangement,sft,ab,oil_extraction_ban,1.0,100000,10,1000000,10,0.01938769845402244
arrangement,sft,ab,pesticide_ban,0.0,1,100000,1,10000,0.02979273124778481
arrangement,sft,ab,pesticide_ban,0.0,1,1000,1,100,0.028895533464199707
arrangement,sft,ab,pesticide_ban,1.0,1,1000000,1,100000,0.060282830316056524
arrangement,sft,ab,pesticide_ban,1.0,1,100000,1,10000,0.05671936797353838
arrangement,sft,ab,pesticide_ban,1.0,1,10000,1,1000,0.02660632866161816
arrangement,sft,ab,pesticide_ban,1.0,1,1000,1,100,0.04912995903061712
arrangement,sft,ab,pesticide_ban,1.0,1,10,10,10,0.09240174990261008
arrangement,sft,ab,pesticide_ban,1.0,10,10,100,10,0.03729675936381571
arrangement,sft,ab,river_water_allocation,0.0,10,10000,10,1000,0.03729675936381571
arrangement,sft,ab,river_water_allocation,1.0,10,1000,10,100,0.027823834509338785
arrangement,sft,ab,river_water_allocation,1.0,100,10,1000,10,0.027823834509338785
arrangement,sft,ab,wildfire_restoration,0.0,1,1000000,1,100000,0.08651209922132319
arrangement,sft,ab,wildfire_restoration,0.0,1,100000,1,10000,0.03049009906827166
arrangement,sft,ab,wildfire_restoration,0.0,1,1000,1,100,0.030967127512041837
arrangement,sft,ab,wildfire_restoration,1.0,1,1000000,1,100000,0.03096712751204178
arrangement,sft,ab,wildfire_restoration,1.0,1,10000,1,1000,0.03120937337375629
arrangement,sft,abc,oil_extraction_ban,0.0,1,1000,1,100,0.02829936347544748
arrangement,sft,abc,oil_extraction_ban,1.0,1,10000,1,1000,0.07108400555321132
arrangement,sft,abc,oil_extraction_ban,1.0,1,1000,1,100,0.026545475927352402
arrangement,sft,abc,oil_extraction_ban,2.0,1,1000,1,100,0.023493657917079414
arrangement,sft,abc,oil_extraction_ban,3.0,1,1000,1,100,0.012381369796853448
arrangement,sft,abc,oil_extraction_ban,3.0,10,10,100,10,0.0007232233141633015
arrangement,sft,abc,oil_extraction_ban,3.0,1000,10,10000,10,0.0005722994355777944
arrangement,sft,abc,oil_extraction_ban,3.0,10000,10,100000,10,0.0005057784445733349
arrangement,sft,abc,oil_extraction_ban,4.0,1,1000000,1,100000,0.0032324242217172984
arrangement,sft,abc,oil_extraction_ban,4.0,1,10000,1,1000,0.003257786084659601
arrangement,sft,abc,oil_extraction_ban,4.0,1,1000,1,100,0.003717409658969599
arrangement,sft,abc,oil_extraction_ban,5.0,10,10,100,10,0.0007464843957671885
arrangement,sft,abc,oil_extraction_ban,5.0,100,10,1000,10,0.001242674255326759
arrangement,sft,abc,oil_extraction_ban,5.0,100000,10,1000000,10,0.006549693196509998
arrangement,sft,abc,pesticide_ban,0.0,1,1000000,1,100000,0.037844239257058265
arrangement,sft,abc,pesticide_ban,0.0,1,1000,1,100,0.03431630333998115
arrangement,sft,abc,pesticide_ban,0.0,1,100,1,10,0.017876784156046432
arrangement,sft,abc,pesticide_ban,0.0,100000,10,1000000,10,0.013103250364904173
arrangement,sft,abc,pesticide_ban,1.0,1,100000,1,10000,0.0927405330743602
arrangement,sft,abc,pesticide_ban,1.0,1,1000,1,100,0.030532161694563797
arrangement,sft,abc,pesticide_ban,1.0,10000,10,100000,10,6.285624799920453e-05
arrangement,sft,abc,pesticide_ban,1.0,100000,10,1000000,10,0.019204991197659615
arrangement,sft,abc,pesticide_ban,2.0,1,1000000,1,100000,0.009602433941682004
arrangement,sft,abc,pesticide_ban,2.0,1,100000,1,10000,0.049139574965276586
arrangement,sft,abc,pesticide_ban,2.0,1,1000,1,100,0.0007653136941475069
arrangement,sft,abc,pesticide_ban,3.0,1,100000,1,10000,0.04009480236199414
arrangement,sft,abc,pesticide_ban,3.0,100,10,1000,10,0.05859374401457651
arrangement,sft,abc,pesticide_ban,3.0,100000,10,1000000,10,0.03051176099985964
arrangement,sft,abc,pesticide_ban,4.0,1,100000,1,10000,0.005733925441900906
arrangement,sft,abc,pesticide_ban,4.0,1,100,1,10,0.013668553650601399
arrangement,sft,abc,pesticide_ban,4.0,10000,10,100000,10,0.0018143177414531985
arrangement,sft,abc,pesticide_ban,4.0,100000,10,1000000,10,0.0020804054701598004
arrangement,sft,abc,pesticide_ban,5.0,1,10000,1,1000,0.00817957526467561
arrangement,sft,abc,pesticide_ban,5.0,100,10,1000,10,0.02110834683650964
arrangement,sft,abc,pesticide_ban,5.0,1000,10,10000,10,0.012327451965376213
arrangement,sft,abc,pesticide_ban,5.0,100000,10,1000000,10,0.02300038783304803
arrangement,sft,abc,river_water_allocation,0.0,10,100000,10,10000,0.004004192005626739
arrangement,sft,abc,river_water_allocation,1.0,10,10000,10,1000,0.029127415184150407
arrangement,sft,abc,river_water_allocation,2.0,10,10000,10,1000,0.02673050667447302
arrangement,sft,abc,river_water_allocation,3.0,10,10000,10,1000,0.0245407231156618
arrangement,sft,abc,river_water_allocation,3.0,1000,10,10000,10,0.000499242061885341
arrangement,sft,abc,river_water_allocation,4.0,10,10000,10,1000,0.010997745450631397
arrangement,sft,abc,river_water_allocation,4.0,10,1000,10,100,0.012089895201080503
arrangement,sft,abc,river_water_allocation,5.0,10,1000000,10,100000,0.0012781067009673963
arrangement,sft,abc,river_water_allocation,5.0,10,100000,10,10000,0.00654542763222421
arrangement,sft,abc,river_water_allocation,5.0,10000,10,100000,10,0.009917164498681297
arrangement,sft,abc,river_water_allocation,5.0,100000,10,1000000,10,0.008937293056923257
arrangement,sft,abc,wildfire_restoration,0.0,1,1000000,1,100000,0.009535374936477603
arrangement,sft,abc,wildfire_restoration,0.0,1,10000,1,1000,0.0029056188830424157
arrangement,sft,abc,wildfire_restoration,1.0,1,1000000,1,100000,0.0298964159967553
arrangement,sft,abc,wildfire_restoration,1.0,1,100000,1,10000,0.030413075292886782
arrangement,sft,abc,wildfire_restoration,2.0,1,100000,1,10000,0.026863584464931867
arrangement,sft,abc,wildfire_restoration,2.0,10000,10,100000,10,0.002319707764135495
arrangement,sft,abc,wildfire_restoration,3.0,1,1000000,1,100000,7.904011701698188e-05
arrangement,sft,abc,wildfire_restoration,3.0,1,100000,1,10000,0.00914816412235342
arrangement,sft,abc,wildfire_restoration,3.0,100000,10,1000000,10,0.027720142187062202
arrangement,sft,abc,wildfire_restoration,4.0,1,100000,1,10000,0.0312459957953935
arrangement,sft,abc,wildfire_restoration,4.0,1,1000,1,100,0.00010215045046968463
arrangement,sft,abc,wildfire_restoration,5.0,1,1000000,1,100000,0.021347176360952957
arrangement,sft,abc,wildfire_restoration,5.0,10,10,100,10,0.012269326162710592
arrangement,sft,abc,wildfire_restoration,5.0,1000,10,10000,10,0.014196096865202956
arrangement,sft,abc,wildfire_restoration,5.0,10000,10,100000,10,0.0007995740439591392
