run_id,experiment,prompt_id,consequence_type,family_count,question_polarity,implementation_label,p_implement,semantic_logit_implement,p_yes_binary,yes_logprob,no_logprob,generated_text,first_generated_token,session_id,session_mode,model_requested,model_returned,system_fingerprint,response_id,input_tokens,output_tokens,total_tokens,prompt_sha256,template_sha256
20260824T110352Z,stage_1_wetland_elimination,stage_1_wetland_elimination,elimination,0,implement_question,Yes,0.22747278675642843,-1.2226366230681343,0.22747278675642843,-1.4807254119795223,-0.2580887889113881,No,No,stage1-3df523da-26bc-4f6e-b48d-901bd764cccd,stateless_one_turn_unique_user_id,deepseek-v4-flash,deepseek-v4-flash,a26a7955944dc5c60445bff77fac9c8e,802436cf-0c0e-4a9f-825e-804f14f32dd8,207,1,208,87f706f7cca411369b0021736830900ce8c613a93e9d45710f3c8e16cff2c7f6,b1477d2bb8cf459dfc2eaff2ed9825c9f58585b07343fd9d4a773c0bfa576b56
20260824T110352Z,stage_1_wetland_elimination,stage_1_wetland_elimination,elimination,0,reject_question,No,0.9380920415049769,2.71819932784374,0.06190795849502309,-2.7821069723935614,-0.06390764454982151,No,No,stage1-7c606785-2a0b-4ccd-824b-0a20288e9994,stateless_one_turn_unique_user_id,deepseek-v4-flash,deepseek-v4-flash,a26a7955944dc5c60445bff77fac9c8e,42a958bf-db6b-4e83-8067-be2f49cb1716,207,1,208,3deee5677ab08c6979bb2305771256211cbea3e63b91c3a82d4160f3e31369cb,b1477d2bb8cf459dfc2eaff2ed9825c9f58585b07343fd9d4a773c0bfa576b56
20260824T110352Z,stage_1_wetland_elimination,stage_1_wetland_elimination,elimination,1,implement_question,Yes,0.3074052531559939,-0.8122781272999887,0.3074052531559939,-1.1795897005964096,-0.36731157329642083,Yes,Yes,stage1-551fee64-df92-4ee5-8d71-720439ba57b4,stateless_one_turn_unique_user_id,deepseek-v4-flash,deepseek-v4-flash,a26a7955944dc5c60445bff77fac9c8e,35e5a99d-1617-4e9b-b8b6-bba36d672f59,207,1,208,764dece94d0815d8c71fe5660b855976df6e3aed3ab81cf2e79bee0a8540fe76,b1477d2bb8cf459dfc2eaff2ed9825c9f58585b07343fd9d4a773c0bfa576b56
20260824T110352Z,stage_1_wetland_elimination,stage_1_wetland_elimination,elimination,1,reject_question,No,0.8788389291655676,1.9814808133194948,0.12116107083443238,-2.1106354082592254,-0.1291545949397306,No,No,stage1-82df2da9-4087-410c-bf9e-c96e99d04440,stateless_one_turn_unique_user_id,deepseek-v4-flash,deepseek-v4-flash,a26a7955944dc5c60445bff77fac9c8e,d10af3a5-8ddf-4107-b051-a510f2b964c1,207,1,208,5256efe7eb85282cba4a3f06657e546e6df3fc69dde7b4e4bb9ce22edb832025,b1477d2bb8cf459dfc2eaff2ed9825c9f58585b07343fd9d4a773c0bfa576b56
20260824T110352Z,stage_1_wetland_elimination,stage_1_wetland_elimination,elimination,10,implement_question,Yes,0.18419134781685884,-1.4882046815525718,0.18419134781685884,-1.6917809707556366,-0.20357628920306486,No,No,stage1-e3ef144d-d748-40ec-85a2-8ba600e93c90,stateless_one_turn_unique_user_id,deepseek-v4-flash,deepseek-v4-flash,a26a7955944dc5c60445bff77fac9c8e,5e0c44f9-5964-4e20-a2c1-c5f6d4de50c4,207,1,208,36d6583e2635f66477c667d75b3d699135e1b49ce1ba6acab17e570a71903c04,b1477d2bb8cf459dfc2eaff2ed9825c9f58585b07343fd9d4a773c0bfa576b56
20260824T110352Z,stage_1_wetland_elimination,stage_1_wetland_elimination,elimination,10,reject_question,No,0.9470526820668147,2.884057304176541,0.052947317933185335,-2.9384581177545814,-0.05440081357804014,No,No,stage1-a67a95dd-1881-42d0-b2cb-3d1c88125117,stateless_one_turn_unique_user_id,deepseek-v4-flash,deepseek-v4-flash,a26a7955944dc5c60445bff77fac9c8e,beb5ff1e-57ed-4281-ac2e-f06337cc85e2,207,1,208,0cd2a9694cc852599f6b8a4452a98f99e00a1928b5de19dfebedb1449156a7e9,b1477d2bb8cf459dfc2eaff2ed9825c9f58585b07343fd9d4a773c0bfa576b56
20260824T110352Z,stage_1_wetland_elimination,stage_1_wetland_elimination,elimination,100,implement_question,Yes,0.2889340307248381,-0.9005668146223921,0.2889340307248381,-1.2415583471363527,-0.34099153251396064,No,No,stage1-a65da754-6925-4743-941f-b7f90fc99a4c,stateless_one_turn_unique_user_id,deepseek-v4-flash,deepseek-v4-flash,a26a7955944dc5c60445bff77fac9c8e,907a05a4-d4e3-4840-8491-ba008668169b,207,1,208,1627b4e243af4f9b91820a374d7d6b7523f5e1161067fa8683c750281ff22e7a,b1477d2bb8cf459dfc2eaff2ed9825c9f58585b07343fd9d4a773c0bfa576b56
20260824T110352Z,stage_1_wetland_elimination,stage_1_wetland_elimination,elimination,100,reject_question,No,0.928757605262034,2.56775971177407,0.07124239473796605,-2.6416676612430265,-0.0739079494689563,No,No,stage1-832a1ef1-a8aa-42e3-81e6-a04c8d626263,stateless_one_turn_unique_user_id,deepseek-v4-flash,deepseek-v4-flash,a26a7955944dc5c60445bff77fac9c8e,a579c1c8-77a5-42dd-a2da-c89f6153ef9b,207,1,208,11318305c733aa5b18dcab2d146ec7e81bda48a3c241f0d1079b77f34d46cdd2,b1477d2bb8cf459dfc2eaff2ed9825c9f58585b07343fd9d4a773c0bfa576b56
20260824T110352Z,stage_1_wetland_elimination,stage_1_wetland_elimination,elimination,1000,implement_question,Yes,0.041094400526483804,-3.1499207616294567,0.041094400526483804,-3.1918836297435145,-0.04196286811405775,No,No,stage1-c918ad72-88bd-49b5-bbe6-58df1b78ff81,stateless_one_turn_unique_user_id,deepseek-v4-flash,deepseek-v4-flash,a26a7955944dc5c60445bff77fac9c8e,074211c7-93b0-43cc-a876-f5fb4c9fc475,208,1,209,74167c5e35eb72c4fc9917266c7fca1663f09c871c0743cfc6688603fd6f525d,b1477d2bb8cf459dfc2eaff2ed9825c9f58585b07343fd9d4a773c0bfa576b56
20260824T110352Z,stage_1_wetland_elimination,stage_1_wetland_elimination,elimination,1000,reject_question,No,0.898764265480677,2.1835689790647317,0.10123573451932298,-2.290304042070469,-0.10673506300573693,No,No,stage1-d2bcbc58-2e13-47d7-a6d7-9e041842d55d,stateless_one_turn_unique_user_id,deepseek-v4-flash,deepseek-v4-flash,a26a7955944dc5c60445bff77fac9c8e,d69e6433-544b-463d-9ea8-398854fc7d34,208,1,209,3be3787c64f53ebef5bd4801d4817efc2a6d415219ea5bd2532d62f58c2806b2,b1477d2bb8cf459dfc2eaff2ed9825c9f58585b07343fd9d4a773c0bfa576b56
20260824T110352Z,stage_1_wetland_elimination,stage_1_wetland_elimination,elimination,5000,implement_question,Yes,0.027990422906766652,-3.547503244766016,0.027990422906766652,-3.5758931556037976,-0.028389910837781425,No,No,stage1-d119298a-2fd6-4255-a20b-8dd6f880160d,stateless_one_turn_unique_user_id,deepseek-v4-flash,deepseek-v4-flash,a26a7955944dc5c60445bff77fac9c8e,57156b5f-9b7e-4b10-ab90-6429e832f499,208,1,209,191eee1700220a92f731c358cf4cfc56119769c2e3ca866467669633d16acb7e,b1477d2bb8cf459dfc2eaff2ed9825c9f58585b07343fd9d4a773c0bfa576b56
20260824T110352Z,stage_1_wetland_elimination,stage_1_wetland_elimination,elimination,5000,reject_question,No,0.9623739152368554,3.24170550685697,0.037626084763144586,-3.2800579699484054,-0.038352463091435474,No,No,stage1-70449ed2-0731-4beb-8d00-832d5e1e4199,stateless_one_turn_unique_user_id,deepseek-v4-flash,deepseek-v4-flash,a26a7955944dc5c60445bff77fac9c8e,d34a27b2-895d-4338-92db-a34c8c343092,208,1,209,a4e77ac10010b42c02f94623b31ccbd36429fcba29d895037f4e0dafb9239c58,b1477d2bb8cf459dfc2eaff2ed9825c9f58585b07343fd9d4a773c0bfa576b56
20260824T110352Z,stage_1_wetland_elimination,stage_1_wetland_elimination,elimination,10000,implement_question,Yes,0.04502535214590849,-3.054459081227715,0.04502535214590849,-3.1005298764224287,-0.04607079519471392,No,No,stage1-8b06aafb-6a85-499d-97a8-02a13c546853,stateless_one_turn_unique_user_id,deepseek-v4-flash,deepseek-v4-flash,a26a7955944dc5c60445bff77fac9c8e,a7bf28d0-2099-4a69-ae1e-a3a805e1f858,208,1,209,280dcc86fcac12564ec46cde9495a9b12ca0fd73e2060953da8a03e7100fa717,b1477d2bb8cf459dfc2eaff2ed9825c9f58585b07343fd9d4a773c0bfa576b56
20260824T110352Z,stage_1_wetland_elimination,stage_1_wetland_elimination,elimination,10000,reject_question,No,0.9852301143728642,4.200284879619552,0.014769885627135763,-4.215164975190841,-0.01488009557128833,No,No,stage1-f31ceb6a-fed0-4b1d-982d-1e780ae2ad19,stateless_one_turn_unique_user_id,deepseek-v4-flash,deepseek-v4-flash,a26a7955944dc5c60445bff77fac9c8e,c5513540-dea8-4f8e-94ce-592c6ea8cd9a,208,1,209,3cbc04bdac7fb38d83c8e1887d6fe3c95041ddeaf4c7c9c6747ffd32b95268d0,b1477d2bb8cf459dfc2eaff2ed9825c9f58585b07343fd9d4a773c0bfa576b56
20260824T110352Z,stage_1_wetland_elimination,stage_1_wetland_elimination,elimination,100000,implement_question,Yes,0.0034834969872695794,-5.656229029861507,0.0034834969872695794,-5.659718730025522,-0.0034897001640146856,No,No,stage1-8f6727d3-3db8-44b8-94e0-d5146587ca2d,stateless_one_turn_unique_user_id,deepseek-v4-flash,deepseek-v4-flash,a26a7955944dc5c60445bff77fac9c8e,1a1478e8-ce4d-47e3-90f5-8e91ea8e17f4,208,1,209,9d082984895083cfde0c9d4a9d3833bf17b5d1da79e148244981e24222cd82b6,b1477d2bb8cf459dfc2eaff2ed9825c9f58585b07343fd9d4a773c0bfa576b56
20260824T110352Z,stage_1_wetland_elimination,stage_1_wetland_elimination,elimination,100000,reject_question,No,0.9743234270317191,3.63616429060473,0.025676572968280836,-3.6621763924000104,-0.026012101795280244,No,No,stage1-e9ab90aa-af73-40c8-b8ac-79e7a1799d1f,stateless_one_turn_unique_user_id,deepseek-v4-flash,deepseek-v4-flash,a26a7955944dc5c60445bff77fac9c8e,cc65ccfb-2737-401b-b6fd-2bb7a6c52f62,208,1,209,aa4427f08231ce37d521b4f125b5aabccfd9c95c2aac89b11989e03878e42ccb,b1477d2bb8cf459dfc2eaff2ed9825c9f58585b07343fd9d4a773c0bfa576b56
20260824T110352Z,stage_1_wetland_elimination,stage_1_wetland_elimination,elimination,500000,implement_question,Yes,0.04402306937279939,-3.0780199811709053,0.04402306937279939,-3.1230418914190516,-0.04502191024814638,No,No,stage1-ce1d7fd9-1012-474e-aa31-790eb33459ae,stateless_one_turn_unique_user_id,deepseek-v4-flash,deepseek-v4-flash,a26a7955944dc5c60445bff77fac9c8e,463fcc22-23fa-4645-aea4-d01a33305c38,208,1,209,06abcb11a1b72b590fb9281165193f02a6bf5cd771a3c662adb8a81cfef02fe8,b1477d2bb8cf459dfc2eaff2ed9825c9f58585b07343fd9d4a773c0bfa576b56
20260824T110352Z,stage_1_wetland_elimination,stage_1_wetland_elimination,elimination,500000,reject_question,No,0.9865520306059485,4.295387946473204,0.013447969394051443,-4.308927173263513,-0.013539226790309153,No,No,stage1-51f91906-ca7a-4ce1-a259-a6d0b5c1d1df,stateless_one_turn_unique_user_id,deepseek-v4-flash,deepseek-v4-flash,a26a7955944dc5c60445bff77fac9c8e,259cfb9e-9f1a-4f64-941f-1f3f62ba3bc6,208,1,209,789bcc3bf68b2927ac5b24a8bd76091ea60a2dd1496ef49f75f93cea16aac6fc,b1477d2bb8cf459dfc2eaff2ed9825c9f58585b07343fd9d4a773c0bfa576b56
20260824T110352Z,stage_1_wetland_elimination,stage_1_wetland_elimination,elimination,1000000,implement_question,Yes,0.09339569938181225,-2.272860783161105,0.09339569938181225,-2.3709120767154075,-0.09805129355430264,No,No,stage1-4c514214-773d-4d3b-9afc-b542ab5fdf8c,stateless_one_turn_unique_user_id,deepseek-v4-flash,deepseek-v4-flash,a26a7955944dc5c60445bff77fac9c8e,97d65563-8f8f-4bae-93f2-098d8fe03f3f,209,1,210,098b6fb2f479005f148f4db2f0efeb0edf758dbf973d5ba75737251b4b810b62,b1477d2bb8cf459dfc2eaff2ed9825c9f58585b07343fd9d4a773c0bfa576b56
20260824T110352Z,stage_1_wetland_elimination,stage_1_wetland_elimination,elimination,1000000,reject_question,No,0.9184749275923342,2.421803997319238,0.08152507240766578,-2.506844996479241,-0.08504099916000282,No,No,stage1-35f316e0-9c2f-491f-a1ec-caab020c5098,stateless_one_turn_unique_user_id,deepseek-v4-flash,deepseek-v4-flash,a26a7955944dc5c60445bff77fac9c8e,a24acc04-231a-4e24-b518-e64f1a92fe1f,209,1,210,a6239714046a8e2b87405ad3c40aff5e24bb25bd6bd4befd86db02a99dceb8c7,b1477d2bb8cf459dfc2eaff2ed9825c9f58585b07343fd9d4a773c0bfa576b56
