id,ref_chosen_logps_corrected,ref_rejected_logps_corrected,ref_chosen_logps_first,ref_rejected_logps_first,chosen_first_minus_corrected,rejected_first_minus_corrected,old_reference_reward_offset
q10-1,-186.17901611328125,-126.26522064208984,-186.0,-126.5,0.17901611328125,-0.23477935791015625,-0.04137954711914063
q10-2,-196.391845703125,-178.67105102539062,-196.0,-179.0,0.391845703125,-0.328948974609375,-0.0720794677734375
q10-3,-143.04969787597656,-116.60553741455078,-143.0,-116.5,0.0496978759765625,0.10553741455078125,0.005583953857421876
q10-4,-108.02281188964844,-146.46820068359375,-108.0,-146.0,0.0228118896484375,0.46820068359375,0.04453887939453125
q10-5,-144.0941162109375,-130.56051635742188,-144.0,-130.0,0.0941162109375,0.560516357421875,0.046640014648437506
q10-6,-170.03482055664062,-111.49093627929688,-170.0,-111.5,0.034820556640625,-0.009063720703125,-0.004388427734375
q10-7,-122.1123275756836,-154.62811279296875,-122.0,-155.0,0.11232757568359375,-0.37188720703125,-0.04842147827148438
q10-8,-132.9884033203125,-138.3427734375,-133.0,-138.0,-0.0115966796875,0.3427734375,0.03543701171875
q10-9,-135.0183563232422,-132.41452026367188,-135.0,-132.0,0.0183563232421875,0.414520263671875,0.03961639404296875
q10-10,-144.6459197998047,-168.27444458007812,-145.0,-168.0,-0.3540802001953125,0.274444580078125,0.06285247802734376
q50-1,-142.94168090820312,-144.68238830566406,-143.0,-145.0,-0.058319091796875,-0.3176116943359375,-0.025929260253906253
q50-2,-232.50973510742188,-156.03652954101562,-233.0,-156.0,-0.490264892578125,0.036529541015625,0.052679443359375
q50-3,-205.43777465820312,-137.03607177734375,-205.0,-137.0,0.437774658203125,0.03607177734375,-0.040170288085937506
q50-4,-185.63027954101562,-189.78262329101562,-186.0,-190.0,-0.369720458984375,-0.217376708984375,0.015234375000000001
q50-5,-160.1697540283203,-166.3590545654297,-160.0,-166.0,0.1697540283203125,0.3590545654296875,0.018930053710937502
q50-6,-153.30152893066406,-210.95814514160156,-153.0,-211.0,0.3015289306640625,-0.0418548583984375,-0.03433837890625
q50-7,-177.6262664794922,-114.48446655273438,-178.0,-114.5,-0.3737335205078125,-0.015533447265625,0.03582000732421875
q50-8,-201.59286499023438,-112.42340850830078,-202.0,-112.5,-0.407135009765625,-0.07659149169921875,0.033054351806640625
q50-9,-130.7822723388672,-131.48451232910156,-131.0,-131.0,-0.2177276611328125,0.4845123291015625,0.0702239990234375
q50-10,-141.41213989257812,-178.06333923339844,-141.0,-178.0,0.412139892578125,0.0633392333984375,-0.03488006591796875
q50-11,-218.41351318359375,-100.70355987548828,-218.0,-101.0,0.41351318359375,-0.29644012451171875,-0.07099533081054688
q50-12,-90.0743408203125,-105.15037536621094,-90.0,-105.0,0.0743408203125,0.1503753662109375,0.00760345458984375
q50-13,-129.63514709472656,-148.29428100585938,-130.0,-148.0,-0.3648529052734375,0.294281005859375,0.06591339111328125
q50-14,-105.24093627929688,-165.18914794921875,-105.0,-165.0,0.240936279296875,0.18914794921875,-0.0051788330078125005
q50-15,-171.1129150390625,-127.67184448242188,-171.0,-127.5,0.1129150390625,0.171844482421875,0.005892944335937501
q50-16,-159.14630126953125,-146.32591247558594,-159.0,-146.0,0.14630126953125,0.3259124755859375,0.017961120605468752
q50-17,-168.23800659179688,-164.86752319335938,-168.0,-165.0,0.238006591796875,-0.132476806640625,-0.03704833984375
q50-18,-143.47573852539062,-191.3465576171875,-144.0,-191.0,-0.524261474609375,0.3465576171875,0.0870819091796875
q50-19,-130.34637451171875,-128.8824462890625,-130.0,-129.0,0.34637451171875,-0.1175537109375,-0.046392822265625
q50-20,-107.45623016357422,-187.29469299316406,-107.5,-187.0,-0.04376983642578125,0.2946929931640625,0.033846282958984376
q50-21,-178.48582458496094,-140.93603515625,-178.0,-141.0,0.4858245849609375,-0.06396484375,-0.054978942871093756
q50-22,-91.04161071777344,-96.48542022705078,-91.0,-96.5,0.0416107177734375,-0.01457977294921875,-0.005619049072265625
q50-23,-140.05718994140625,-134.59922790527344,-140.0,-135.0,0.05718994140625,-0.4007720947265625,-0.04579620361328125
q50-24,-144.7801513671875,-138.54617309570312,-145.0,-138.0,-0.2198486328125,0.546173095703125,0.07660217285156251
q50-25,-151.72613525390625,-156.54519653320312,-152.0,-157.0,-0.27386474609375,-0.454803466796875,-0.0180938720703125
q50-26,-152.96168518066406,-144.37867736816406,-153.0,-144.0,-0.0383148193359375,0.3786773681640625,0.04169921875
q50-27,-122.69173431396484,-137.93670654296875,-122.5,-138.0,0.19173431396484375,-0.06329345703125,-0.025502777099609377
q50-28,-189.63934326171875,-180.29766845703125,-190.0,-180.0,-0.36065673828125,0.29766845703125,0.06583251953125001
q50-29,-108.9118881225586,-103.97933959960938,-109.0,-104.0,-0.08811187744140625,-0.020660400390625,0.006745147705078125
q50-30,-138.9384765625,-136.90603637695312,-139.0,-137.0,-0.0615234375,-0.093963623046875,-0.0032440185546875003
q50-31,-165.7998809814453,-162.9309539794922,-166.0,-163.0,-0.2001190185546875,-0.0690460205078125,0.0131072998046875
q50-32,-179.90614318847656,-150.4642791748047,-180.0,-151.0,-0.0938568115234375,-0.5357208251953125,-0.0441864013671875
q50-34,-137.184326171875,-124.5169677734375,-137.0,-124.5,0.184326171875,0.0169677734375,-0.01673583984375
q50-35,-143.70889282226562,-138.6777801513672,-144.0,-139.0,-0.291107177734375,-0.3222198486328125,-0.00311126708984375
q50-36,-154.82186889648438,-84.02104187011719,-155.0,-84.0,-0.178131103515625,0.0210418701171875,0.019917297363281253
q50-37,-233.39370727539062,-203.34552001953125,-233.0,-203.0,0.393707275390625,0.34552001953125,-0.0048187255859375
q50-38,-101.76699829101562,-135.73031616210938,-102.0,-136.0,-0.233001708984375,-0.269683837890625,-0.003668212890625
q50-39,-183.7958526611328,-140.8941650390625,-184.0,-141.0,-0.2041473388671875,-0.1058349609375,0.009831237792968751
q50-40,-206.52200317382812,-127.84414672851562,-207.0,-128.0,-0.477996826171875,-0.155853271484375,0.032214355468750004
q50-41,-189.78729248046875,-142.8017578125,-190.0,-143.0,-0.21270751953125,-0.1982421875,0.0014465332031250002
q50-42,-191.54251098632812,-169.0180206298828,-191.0,-169.0,0.542510986328125,0.0180206298828125,-0.05244903564453125
q50-43,-140.95217895507812,-139.61734008789062,-141.0,-140.0,-0.047821044921875,-0.382659912109375,-0.03348388671875
q50-44,-152.93341064453125,-133.658203125,-153.0,-134.0,-0.06658935546875,-0.341796875,-0.027520751953125002
q50-46,-229.45632934570312,-156.05638122558594,-229.0,-156.0,0.456329345703125,0.0563812255859375,-0.039994812011718756
q50-47,-128.5634765625,-153.44729614257812,-129.0,-153.0,-0.4365234375,0.447296142578125,0.08838195800781251
q50-48,-74.66448974609375,-100.94520568847656,-74.5,-101.0,0.16448974609375,-0.0547943115234375,-0.021928405761718752
q50-49,-115.69548034667969,-140.92404174804688,-115.5,-141.0,0.1954803466796875,-0.075958251953125,-0.02714385986328125
q50-50,-156.4989776611328,-137.82638549804688,-157.0,-138.0,-0.5010223388671875,-0.173614501953125,0.032740783691406254
q40-1,-276.881103515625,-137.10545349121094,-278.0,-137.0,-1.118896484375,0.1054534912109375,0.12243499755859376
q40-2,-191.75164794921875,-166.8123779296875,-192.0,-167.0,-0.24835205078125,-0.1876220703125,0.006072998046875
q40-3,-169.48782348632812,-122.63713836669922,-169.0,-122.5,0.487823486328125,0.13713836669921875,-0.035068511962890625
q40-4,-222.61764526367188,-162.6907958984375,-223.0,-163.0,-0.382354736328125,-0.3092041015625,0.0073150634765625005
q40-5,-221.77252197265625,-178.06472778320312,-222.0,-178.0,-0.22747802734375,0.064727783203125,0.0292205810546875
q40-6,-130.30470275878906,-138.1979522705078,-130.0,-138.0,0.3047027587890625,0.1979522705078125,-0.010675048828125
q40-7,-116.63327026367188,-178.84107971191406,-116.5,-179.0,0.133270263671875,-0.1589202880859375,-0.02921905517578125
q40-8,-133.0301513671875,-140.10751342773438,-133.0,-140.0,0.0301513671875,0.107513427734375,0.0077362060546875
q40-9,-133.77679443359375,-145.83551025390625,-134.0,-146.0,-0.22320556640625,-0.16448974609375,0.00587158203125
q40-10,-156.34597778320312,-166.46664428710938,-156.0,-167.0,0.345977783203125,-0.533355712890625,-0.087933349609375
q40-11,-125.38693237304688,-156.18939208984375,-125.5,-156.0,-0.113067626953125,0.18939208984375,0.0302459716796875
q40-12,-137.13241577148438,-123.25010681152344,-137.0,-123.0,0.132415771484375,0.2501068115234375,0.011769104003906251
q40-13,-117.99425506591797,-110.16891479492188,-118.0,-110.5,-0.00574493408203125,-0.331085205078125,-0.032534027099609376
q40-14,-215.06878662109375,-160.67367553710938,-215.0,-161.0,0.06878662109375,-0.326324462890625,-0.0395111083984375
q40-15,-170.5450439453125,-123.0026626586914,-170.0,-123.0,0.5450439453125,0.00266265869140625,-0.05423812866210938
q40-16,-114.33053588867188,-150.45201110839844,-114.5,-150.0,-0.169464111328125,0.4520111083984375,0.06214752197265625
q40-17,-394.85968017578125,-93.19761657714844,-394.0,-93.0,0.85968017578125,0.1976165771484375,-0.06620635986328126
q40-18,-173.84085083007812,-151.38067626953125,-174.0,-151.0,-0.159149169921875,0.38067626953125,0.0539825439453125
q40-19,-225.31768798828125,-204.0198211669922,-225.0,-204.0,0.31768798828125,0.0198211669921875,-0.029786682128906252
q40-20,-127.89667510986328,-133.06727600097656,-128.0,-133.0,-0.10332489013671875,0.0672760009765625,0.017060089111328124
q40-21,-184.59710693359375,-153.57981872558594,-185.0,-154.0,-0.40289306640625,-0.4201812744140625,-0.0017288208007812502
q40-22,-149.18136596679688,-140.3736572265625,-149.0,-140.0,0.181365966796875,0.3736572265625,0.0192291259765625
q40-23,-116.14212036132812,-113.4669189453125,-116.0,-113.5,0.142120361328125,-0.0330810546875,-0.0175201416015625
q40-24,-97.86062622070312,-166.1148681640625,-98.0,-166.0,-0.139373779296875,0.1148681640625,0.0254241943359375
q40-25,-106.59413146972656,-129.59701538085938,-106.5,-130.0,0.0941314697265625,-0.402984619140625,-0.04971160888671875
q40-26,-191.43785095214844,-116.79806518554688,-191.0,-116.5,0.4378509521484375,0.298065185546875,-0.01397857666015625
q40-27,-140.9085693359375,-154.75592041015625,-141.0,-155.0,-0.0914306640625,-0.24407958984375,-0.015264892578125001
q40-28,-218.60922241210938,-148.251953125,-219.0,-148.0,-0.390777587890625,0.251953125,0.0642730712890625
q40-29,-240.34275817871094,-105.69102478027344,-240.0,-105.5,0.3427581787109375,0.1910247802734375,-0.015173339843750001
q40-30,-201.66513061523438,-193.28787231445312,-202.0,-193.0,-0.334869384765625,0.287872314453125,0.062274169921875004
q40-31,-163.337890625,-158.53082275390625,-163.0,-159.0,0.337890625,-0.46917724609375,-0.08070678710937501
q40-32,-175.78781127929688,-153.0985870361328,-176.0,-153.0,-0.212188720703125,0.0985870361328125,0.03107757568359375
q40-33,-129.91607666015625,-131.78024291992188,-130.0,-132.0,-0.08392333984375,-0.219757080078125,-0.0135833740234375
q40-34,-116.84261322021484,-175.1021270751953,-117.0,-175.0,-0.15738677978515625,0.1021270751953125,0.025951385498046875
q40-35,-216.31466674804688,-158.945556640625,-216.0,-159.0,0.314666748046875,-0.054443359375,-0.0369110107421875
q40-36,-146.09793090820312,-133.27549743652344,-146.0,-133.0,0.097930908203125,0.2754974365234375,0.01775665283203125
q40-37,-140.0236358642578,-103.35690307617188,-140.0,-103.5,0.0236358642578125,-0.143096923828125,-0.01667327880859375
q40-38,-148.8559112548828,-163.26748657226562,-149.0,-163.0,-0.1440887451171875,0.267486572265625,0.04115753173828125
q40-39,-171.26820373535156,-128.0430908203125,-171.0,-128.0,0.2682037353515625,0.0430908203125,-0.022511291503906253
q40-40,-201.6735382080078,-135.04022216796875,-202.0,-135.0,-0.3264617919921875,0.04022216796875,0.03666839599609375
